task,model,f1_mean_subsampled,f1_std_subsampled,accuracy_mean_subsampled,f1_mean_full,f1_std_full,accuracy_mean_full,f1_delta_full_minus_subsampled
DREAMER_binary_EEG,Logistic Regression,0.4336,0.1138,0.4686,0.4855,0.1571,0.5145,0.0519
DREAMER_binary_EEG,Random Forest,0.4664,0.1411,0.5097,0.4634,0.1193,0.5193,-0.003
DREAMER_binary_EEG,SVM (RBF),0.4859,0.1097,0.5242,0.4629,0.0953,0.5217,-0.023
WESAD_3class,Logistic Regression,0.5724,0.1748,0.6376,0.575,0.1636,0.6469,0.0026
WESAD_3class,Random Forest,0.6451,0.1353,0.7044,0.613,0.1644,0.7361,-0.0321
WESAD_3class,SVM (RBF),0.5206,0.1606,0.5983,0.5253,0.1295,0.6414,0.0047
WESAD_binary,Logistic Regression,0.821,0.1968,0.8543,0.8371,0.216,0.8649,0.0161
WESAD_binary,Random Forest,0.8858,0.1406,0.9023,0.9,0.1153,0.9181,0.0142
WESAD_binary,SVM (RBF),0.7882,0.2315,0.822,0.7966,0.262,0.8465,0.0084
