task,model,fold,test_subject,train_size,test_size,train_time,test_time,best_params,accuracy,precision,recall,f1
WESAD_binary,Logistic Regression,1,2,300,56,7.0164,0.0,"{""clf__C"": 100}",0.6428571428571429,0.32727272727272727,0.4864864864864865,0.391304347826087
WESAD_binary,SVM (RBF),1,2,300,56,0.4653,0.0018,"{""clf__C"": 10, ""clf__gamma"": 0.1, ""scaler"": ""StandardScaler""}",0.48214285714285715,0.29347826086956524,0.36486486486486486,0.3253012048192771
WESAD_binary,Random Forest,1,2,300,56,3.2074,0.0297,"{""clf__max_depth"": 5, ""clf__n_estimators"": 200}",0.7142857142857143,0.6950354609929078,0.6173541963015647,0.6190476190476191
WESAD_binary,Logistic Regression,2,3,300,57,0.06,0.001,"{""clf__C"": 10}",0.7894736842105263,0.8055555555555556,0.722972972972973,0.7393292682926829
WESAD_binary,SVM (RBF),2,3,300,57,0.4298,0.0,"{""clf__C"": 100, ""clf__gamma"": 0.01, ""scaler"": ""StandardScaler""}",0.8947368421052632,0.9302325581395349,0.85,0.8742647058823529
WESAD_binary,Random Forest,2,3,300,57,2.4725,0.016,"{""clf__max_depth"": null, ""clf__n_estimators"": 100}",0.9824561403508771,0.986842105263158,0.975,0.9805128205128205
WESAD_binary,Logistic Regression,3,4,300,57,0.0433,0.0,"{""clf__C"": 10}",1.0,1.0,1.0,1.0
WESAD_binary,SVM (RBF),3,4,300,57,0.374,0.0,"{""clf__C"": 10, ""clf__gamma"": ""scale"", ""scaler"": ""StandardScaler""}",1.0,1.0,1.0,1.0
WESAD_binary,Random Forest,3,4,300,57,2.398,0.0371,"{""clf__max_depth"": null, ""clf__n_estimators"": 300}",0.9824561403508771,0.986842105263158,0.975,0.9805128205128205
WESAD_binary,Logistic Regression,4,5,300,59,0.0517,0.0,"{""clf__C"": 100}",1.0,1.0,1.0,1.0
WESAD_binary,SVM (RBF),4,5,300,59,0.3646,0.0,"{""clf__C"": 10, ""clf__gamma"": 0.1, ""scaler"": ""StandardScaler""}",0.9322033898305084,0.9243589743589744,0.9243589743589744,0.9243589743589744
WESAD_binary,Random Forest,4,5,300,59,2.463,0.0372,"{""clf__max_depth"": null, ""clf__n_estimators"": 300}",1.0,1.0,1.0,1.0
WESAD_binary,Logistic Regression,5,6,300,59,0.0503,0.0,"{""clf__C"": 10}",1.0,1.0,1.0,1.0
WESAD_binary,SVM (RBF),5,6,300,59,0.3997,0.0,"{""clf__C"": 10, ""clf__gamma"": ""scale"", ""scaler"": ""StandardScaler""}",0.9491525423728814,0.9634146341463414,0.9285714285714286,0.9425511197663097
WESAD_binary,Random Forest,5,6,300,59,2.3844,0.0165,"{""clf__max_depth"": 5, ""clf__n_estimators"": 100}",0.9830508474576272,0.9772727272727273,0.986842105263158,0.9817054263565892
WESAD_binary,Logistic Regression,6,7,300,59,0.0458,0.001,"{""clf__C"": 10}",0.7627118644067796,0.7941176470588236,0.8205128205128205,0.7609953703703703
WESAD_binary,SVM (RBF),6,7,300,59,0.3978,0.001,"{""clf__C"": 10, ""clf__gamma"": 0.1, ""scaler"": ""StandardScaler""}",0.8983050847457628,0.8846153846153846,0.9230769230769231,0.8931159420289855
WESAD_binary,Random Forest,6,7,300,59,2.2884,0.0158,"{""clf__max_depth"": null, ""clf__n_estimators"": 100}",0.7627118644067796,0.7941176470588236,0.8205128205128205,0.7609953703703703
WESAD_binary,Logistic Regression,7,8,300,59,0.0464,0.0,"{""clf__C"": 100}",0.9322033898305084,0.9523809523809523,0.9047619047619048,0.9223684210526315
WESAD_binary,SVM (RBF),7,8,300,59,0.3704,0.0,"{""clf__C"": 100, ""clf__gamma"": ""scale"", ""scaler"": ""StandardScaler""}",0.8983050847457628,0.8852941176470588,0.9104010025062657,0.8931159420289855
WESAD_binary,Random Forest,7,8,300,59,2.2309,0.0152,"{""clf__max_depth"": null, ""clf__n_estimators"": 100}",1.0,1.0,1.0,1.0
WESAD_binary,Logistic Regression,8,9,300,58,0.0438,0.0,"{""clf__C"": 10}",0.7241379310344828,0.7145833333333333,0.6355263157894737,0.6403100775193798
WESAD_binary,SVM (RBF),8,9,300,58,0.3581,0.001,"{""clf__C"": 100, ""clf__gamma"": 0.01, ""scaler"": ""StandardScaler""}",0.7068965517241379,0.7100840336134454,0.5986842105263157,0.5896795672076571
WESAD_binary,Random Forest,8,9,300,58,2.1689,0.0153,"{""clf__max_depth"": null, ""clf__n_estimators"": 100}",0.9137931034482759,0.9015444015444015,0.9105263157894736,0.9056910569105692
WESAD_binary,Logistic Regression,9,10,300,60,0.0458,0.0,"{""clf__C"": 100}",0.5666666666666667,0.6925465838509317,0.6483253588516746,0.5588235294117647
WESAD_binary,SVM (RBF),9,10,300,60,0.3529,0.0012,"{""clf__C"": 100, ""clf__gamma"": 0.1, ""scaler"": ""StandardScaler""}",0.9333333333333333,0.9230769230769231,0.9473684210526316,0.9305555555555556
WESAD_binary,Random Forest,9,10,300,60,2.3013,0.0279,"{""clf__max_depth"": null, ""clf__n_estimators"": 200}",0.7833333333333333,0.7777017783857729,0.742822966507177,0.7530864197530864
WESAD_binary,Logistic Regression,10,11,300,59,0.0464,0.0,"{""clf__C"": 100}",0.9830508474576272,0.9772727272727273,0.986842105263158,0.9817054263565892
WESAD_binary,SVM (RBF),10,11,300,59,0.3931,0.001,"{""clf__C"": 100, ""clf__gamma"": ""scale"", ""scaler"": ""StandardScaler""}",0.3728813559322034,0.6810344827586207,0.5131578947368421,0.2914638104511522
WESAD_binary,Random Forest,10,11,300,59,2.2261,0.016,"{""clf__max_depth"": null, ""clf__n_estimators"": 100}",1.0,1.0,1.0,1.0
WESAD_binary,Logistic Regression,11,13,300,59,0.0524,0.001,"{""clf__C"": 100}",0.7627118644067796,0.8,0.8157894736842105,0.7620967741935484
WESAD_binary,SVM (RBF),11,13,300,59,0.375,0.0,"{""clf__C"": 100, ""clf__gamma"": ""scale"", ""scaler"": ""StandardScaler""}",0.8305084745762712,0.8387096774193548,0.868421052631579,0.828088578088578
WESAD_binary,Random Forest,11,13,300,59,2.2779,0.0151,"{""clf__max_depth"": null, ""clf__n_estimators"": 100}",0.847457627118644,0.85,0.881578947368421,0.8446005267778753
WESAD_binary,Logistic Regression,12,14,300,59,0.0486,0.0,"{""clf__C"": 100}",0.9830508474576272,0.9871794871794872,0.9761904761904762,0.9813113715552739
WESAD_binary,SVM (RBF),12,14,300,59,0.3811,0.0008,"{""clf__C"": 10, ""clf__gamma"": ""scale"", ""scaler"": ""StandardScaler""}",0.847457627118644,0.8561046511627908,0.8070175438596491,0.8228228228228228
WESAD_binary,Random Forest,12,14,300,59,2.2801,0.0265,"{""clf__max_depth"": null, ""clf__n_estimators"": 200}",0.8813559322033898,0.875,0.9078947368421053,0.8778467908902692
WESAD_binary,Logistic Regression,13,15,300,60,0.0506,0.001,"{""clf__C"": 100}",0.7166666666666667,0.7418300653594772,0.6327751196172249,0.6303008336353751
WESAD_binary,SVM (RBF),13,15,300,60,0.3621,0.0,"{""clf__C"": 10, ""clf__gamma"": 0.1, ""scaler"": ""StandardScaler""}",0.65,0.6096563011456628,0.5801435406698564,0.5764705882352941
WESAD_binary,Random Forest,13,15,300,60,2.2622,0.028,"{""clf__max_depth"": null, ""clf__n_estimators"": 200}",0.7,0.7211538461538461,0.6100478468899522,0.6000000000000001
WESAD_binary,Logistic Regression,14,16,300,61,0.0978,0.0,"{""clf__C"": 100}",1.0,1.0,1.0,1.0
WESAD_binary,SVM (RBF),14,16,300,61,0.3724,0.0,"{""clf__C"": 100, ""clf__gamma"": ""scale"", ""scaler"": ""StandardScaler""}",0.9344262295081968,0.9230769230769231,0.9487179487179487,0.9313063063063063
WESAD_binary,Random Forest,14,16,300,61,2.3334,0.0264,"{""clf__max_depth"": null, ""clf__n_estimators"": 200}",1.0,1.0,1.0,1.0
WESAD_binary,Logistic Regression,15,17,300,61,0.049,0.0,"{""clf__C"": 100}",0.9508196721311475,0.9516317016317016,0.9433638443935927,0.9471861471861471
WESAD_binary,SVM (RBF),15,17,300,61,0.3794,0.001,"{""clf__C"": 100, ""clf__gamma"": ""scale"", ""scaler"": ""StandardScaler""}",1.0,1.0,1.0,1.0
WESAD_binary,Random Forest,15,17,300,61,2.3445,0.0157,"{""clf__max_depth"": null, ""clf__n_estimators"": 100}",0.9836065573770492,0.9791666666666667,0.986842105263158,0.9826950354609929
WESAD_3class,Logistic Regression,1,2,450,67,0.1341,0.0006,"{""clf__C"": 100}",0.582089552238806,0.47894034686487513,0.3897150739256003,0.3575757575757576
WESAD_3class,SVM (RBF),1,2,450,67,0.905,0.0,"{""clf__C"": 10, ""clf__gamma"": 0.1, ""scaler"": ""StandardScaler""}",0.029850746268656716,0.3444444444444445,0.03931203931203931,0.06550580431177445
WESAD_3class,Random Forest,1,2,450,67,2.8861,0.029,"{""clf__max_depth"": null, ""clf__n_estimators"": 200}",0.7164179104477612,0.8174019607843137,0.5859735333419545,0.602128372716608
WESAD_3class,Logistic Regression,2,3,450,68,0.0966,0.0,"{""clf__C"": 10}",0.8088235294117647,0.7919160646714826,0.8445945945945946,0.8107620079451067
WESAD_3class,SVM (RBF),2,3,450,68,0.8821,0.0,"{""clf__C"": 100, ""clf__gamma"": ""scale"", ""scaler"": ""StandardScaler""}",0.6029411764705882,0.7013888888888888,0.5703521703521703,0.5360929557007988
WESAD_3class,Random Forest,2,3,450,68,2.942,0.0392,"{""clf__max_depth"": null, ""clf__n_estimators"": 300}",0.7941176470588235,0.798773690078038,0.8449221949221949,0.7854150207091384
WESAD_3class,Logistic Regression,3,4,450,68,0.0695,0.0,"{""clf__C"": 1}",0.8529411764705882,0.8046511627906977,0.7395577395577396,0.75
WESAD_3class,SVM (RBF),3,4,450,68,0.9098,0.0,"{""clf__C"": 10, ""clf__gamma"": 0.1, ""scaler"": ""StandardScaler""}",0.8529411764705882,0.9290780141843972,0.6969696969696969,0.6825396825396824
WESAD_3class,Random Forest,3,4,450,68,2.832,0.0264,"{""clf__max_depth"": 10, ""clf__n_estimators"": 300}",0.9705882352941176,0.982905982905983,0.9393939393939394,0.9578947368421052
WESAD_3class,Logistic Regression,4,5,450,70,0.09,0.0,"{""clf__C"": 100}",0.45714285714285713,0.7414965986394558,0.6752136752136751,0.47222222222222227
WESAD_3class,SVM (RBF),4,5,450,70,0.8392,0.0,"{""clf__C"": 10, ""clf__gamma"": 0.1, ""scaler"": ""StandardScaler""}",0.5,0.6861111111111112,0.6573426573426574,0.5095662507427213
WESAD_3class,Random Forest,4,5,450,70,2.7078,0.0258,"{""clf__max_depth"": null, ""clf__n_estimators"": 200}",0.5857142857142857,0.6909090909090909,0.7086247086247086,0.589522677757972
WESAD_3class,Logistic Regression,5,6,450,70,0.106,0.0,"{""clf__C"": 100}",0.9,0.8632478632478633,0.8598010176957546,0.8602390363259929
WESAD_3class,SVM (RBF),5,6,450,70,0.8357,0.002,"{""clf__C"": 10, ""clf__gamma"": 0.1, ""scaler"": ""StandardScaler""}",0.8142857142857143,0.5866666666666667,0.6349206349206349,0.6045454545454545
WESAD_3class,Random Forest,5,6,450,70,2.617,0.0262,"{""clf__max_depth"": 10, ""clf__n_estimators"": 200}",0.8571428571428571,0.8149051490514906,0.783321941216678,0.7964803951836986
WESAD_3class,Logistic Regression,6,7,450,70,0.0841,0.0,"{""clf__C"": 10}",0.6714285714285714,0.7619047619047619,0.8034188034188033,0.685809312638581
WESAD_3class,SVM (RBF),6,7,450,70,0.8334,0.0012,"{""clf__C"": 10, ""clf__gamma"": 0.1, ""scaler"": ""StandardScaler""}",0.8142857142857143,0.7451591942820013,0.7148407148407149,0.7030602376347058
WESAD_3class,Random Forest,6,7,450,70,2.7309,0.037,"{""clf__max_depth"": null, ""clf__n_estimators"": 300}",0.6857142857142857,0.7454106280193237,0.8119658119658121,0.6913202603786835
WESAD_3class,Logistic Regression,7,8,450,70,0.1001,0.0008,"{""clf__C"": 100}",0.8428571428571429,0.8154761904761904,0.8034100402521455,0.8007669207669208
WESAD_3class,SVM (RBF),7,8,450,70,0.837,0.0023,"{""clf__C"": 10, ""clf__gamma"": 0.1, ""scaler"": ""StandardScaler""}",0.6428571428571429,0.530446961393253,0.5088099035467456,0.511417432470064
WESAD_3class,Random Forest,7,8,450,70,2.7111,0.0387,"{""clf__max_depth"": 10, ""clf__n_estimators"": 300}",0.7857142857142857,0.6924603174603173,0.6320346320346321,0.6464254952627045
WESAD_3class,Logistic Regression,8,9,450,70,0.0673,0.0,"{""clf__C"": 1}",0.5428571428571428,0.589516426725729,0.39970760233918123,0.4291922069699847
WESAD_3class,SVM (RBF),8,9,450,70,0.8265,0.0,"{""clf__C"": 10, ""clf__gamma"": 0.1, ""scaler"": ""StandardScaler""}",0.6714285714285714,0.41946597760551246,0.6403508771929824,0.49319404874960426
WESAD_3class,Random Forest,8,9,450,70,2.738,0.0366,"{""clf__max_depth"": null, ""clf__n_estimators"": 300}",0.8,0.6907407407407407,0.6634502923976608,0.6589534609024333
WESAD_3class,Logistic Regression,9,10,450,71,0.0902,0.0,"{""clf__C"": 100}",0.352112676056338,0.24822112753147238,0.5454545454545454,0.3213713158219263
WESAD_3class,SVM (RBF),9,10,450,71,0.829,0.0019,"{""clf__C"": 10, ""clf__gamma"": 0.1, ""scaler"": ""StandardScaler""}",0.4647887323943662,0.7414965986394558,0.6539074960127592,0.47301587301587306
WESAD_3class,Random Forest,9,10,450,71,2.6991,0.0269,"{""clf__max_depth"": 10, ""clf__n_estimators"": 200}",0.4647887323943662,0.4511111111111112,0.4944178628389155,0.4363722697056031
WESAD_3class,Logistic Regression,10,11,450,70,0.0991,0.001,"{""clf__C"": 100}",0.6142857142857143,0.7506142506142507,0.7631578947368421,0.6280190370721932
WESAD_3class,SVM (RBF),10,11,450,70,0.8511,0.001,"{""clf__C"": 10, ""clf__gamma"": 0.1, ""scaler"": ""StandardScaler""}",0.38571428571428573,0.28735632183908044,0.5151515151515151,0.35112823335167853
WESAD_3class,Random Forest,10,11,450,70,2.7259,0.0263,"{""clf__max_depth"": null, ""clf__n_estimators"": 200}",0.6857142857142857,0.7411294352823589,0.7639553429027113,0.6824675324675326
WESAD_3class,Logistic Regression,11,13,450,70,0.0801,0.0,"{""clf__C"": 10}",0.5714285714285714,0.4503623188405797,0.5,0.43715846994535523
WESAD_3class,SVM (RBF),11,13,450,70,0.8475,0.0,"{""clf__C"": 10, ""clf__gamma"": 0.1, ""scaler"": ""StandardScaler""}",0.7428571428571429,0.634453781512605,0.6483253588516746,0.6171767425498769
WESAD_3class,Random Forest,11,13,450,70,2.7175,0.0366,"{""clf__max_depth"": null, ""clf__n_estimators"": 300}",0.6142857142857143,0.6555555555555556,0.5909090909090909,0.5519904931669638
WESAD_3class,Logistic Regression,12,14,450,70,0.0782,0.007,"{""clf__C"": 100}",0.42857142857142855,0.4930555555555556,0.6278195488721804,0.447859108876058
WESAD_3class,SVM (RBF),12,14,450,70,0.858,0.0021,"{""clf__C"": 10, ""clf__gamma"": 0.1, ""scaler"": ""StandardScaler""}",0.4714285714285714,0.6363636363636364,0.6323763955342904,0.48229135205879387
WESAD_3class,Random Forest,12,14,450,70,2.6821,0.0378,"{""clf__max_depth"": 10, ""clf__n_estimators"": 300}",0.42857142857142855,0.5057787174066244,0.5629984051036683,0.4430089003732414
WESAD_3class,Logistic Regression,13,15,450,71,0.0781,0.0,"{""clf__C"": 10}",0.676056338028169,0.6752380952380953,0.5518341307814992,0.547889237199582
WESAD_3class,SVM (RBF),13,15,450,71,0.8613,0.0,"{""clf__C"": 10, ""clf__gamma"": 0.1, ""scaler"": ""StandardScaler""}",0.6197183098591549,0.5435606060606061,0.6052631578947368,0.5550628233555063
WESAD_3class,Random Forest,13,15,450,71,2.7207,0.0368,"{""clf__max_depth"": 10, ""clf__n_estimators"": 300}",0.7605633802816901,0.7917948717948718,0.6969696969696969,0.6878787878787879
WESAD_3class,Logistic Regression,14,16,450,72,0.0881,0.0,"{""clf__C"": 100}",0.4583333333333333,0.4066666666666667,0.6666666666666666,0.453551912568306
WESAD_3class,SVM (RBF),14,16,450,72,0.8373,0.0139,"{""clf__C"": 100, ""clf__gamma"": 0.1, ""scaler"": ""StandardScaler""}",0.4861111111111111,0.6557971014492754,0.6620046620046619,0.49680402556779546
WESAD_3class,Random Forest,14,16,450,72,2.5362,0.0162,"{""clf__max_depth"": null, ""clf__n_estimators"": 100}",0.5833333333333334,0.5675971538040504,0.526029526029526,0.5404411764705882
WESAD_3class,Logistic Regression,15,17,450,72,0.0888,0.0,"{""clf__C"": 10}",0.8055555555555556,0.5356856455493184,0.6403508771929824,0.582937638493194
WESAD_3class,SVM (RBF),15,17,450,72,0.8497,0.002,"{""clf__C"": 10, ""clf__gamma"": 0.1, ""scaler"": ""StandardScaler""}",0.875,0.9214814814814815,0.7272727272727272,0.7272294305426836
WESAD_3class,Random Forest,15,17,450,72,2.7384,0.0375,"{""clf__max_depth"": null, ""clf__n_estimators"": 300}",0.8333333333333334,0.5629877369007804,0.6578947368421053,0.6065759637188209
DREAMER_binary_EEG,Logistic Regression,1,1,300,18,0.0873,0.0,"{""clf__C"": 0.1}",0.4444444444444444,0.4444444444444444,0.4307692307692308,0.41558441558441556
DREAMER_binary_EEG,SVM (RBF),1,1,300,18,0.7978,0.0,"{""clf__C"": 0.1, ""clf__gamma"": 0.1, ""scaler"": ""StandardScaler""}",0.6111111111111112,0.5875,0.6076923076923078,0.5785953177257526
DREAMER_binary_EEG,Random Forest,1,1,300,18,3.2082,0.0161,"{""clf__max_depth"": 10, ""clf__n_estimators"": 100}",0.6111111111111112,0.5416666666666666,0.5461538461538462,0.5418181818181818
DREAMER_binary_EEG,Logistic Regression,2,2,300,18,0.0761,0.0,"{""clf__C"": 0.1}",0.3888888888888889,0.3875,0.38888888888888884,0.38699690402476783
DREAMER_binary_EEG,SVM (RBF),2,2,300,18,0.8621,0.001,"{""clf__C"": 0.1, ""clf__gamma"": 0.1, ""scaler"": ""StandardScaler""}",0.4444444444444444,0.4,0.4444444444444444,0.375
DREAMER_binary_EEG,Random Forest,2,2,300,18,3.1932,0.027,"{""clf__max_depth"": null, ""clf__n_estimators"": 200}",0.3888888888888889,0.3392857142857143,0.38888888888888884,0.3377926421404682
DREAMER_binary_EEG,Logistic Regression,3,3,300,18,0.0693,0.0,"{""clf__C"": 0.1}",0.4444444444444444,0.26666666666666666,0.36363636363636365,0.3076923076923077
DREAMER_binary_EEG,SVM (RBF),3,3,300,18,0.8021,0.0015,"{""clf__C"": 0.1, ""clf__gamma"": 0.1, ""scaler"": ""StandardScaler""}",0.6111111111111112,0.5714285714285714,0.551948051948052,0.5418181818181818
DREAMER_binary_EEG,Random Forest,3,3,300,18,3.1208,0.0164,"{""clf__max_depth"": 5, ""clf__n_estimators"": 100}",0.4444444444444444,0.7058823529411764,0.5454545454545454,0.375
DREAMER_binary_EEG,Logistic Regression,4,4,300,18,0.0729,0.0,"{""clf__C"": 0.1}",0.3888888888888889,0.2916666666666667,0.2692307692307692,0.28
DREAMER_binary_EEG,SVM (RBF),4,4,300,18,0.7984,0.0,"{""clf__C"": 1, ""clf__gamma"": 0.1, ""scaler"": ""StandardScaler""}",0.2777777777777778,0.375,0.43846153846153846,0.2571428571428571
DREAMER_binary_EEG,Random Forest,4,4,300,18,3.3287,0.0411,"{""clf__max_depth"": 5, ""clf__n_estimators"": 300}",0.2777777777777778,0.25,0.19230769230769232,0.21739130434782608
DREAMER_binary_EEG,Logistic Regression,5,5,300,18,0.1388,0.0,"{""clf__C"": 100}",0.4444444444444444,0.4642857142857143,0.475,0.41558441558441556
DREAMER_binary_EEG,SVM (RBF),5,5,300,18,0.8525,0.0,"{""clf__C"": 1, ""clf__gamma"": 0.1, ""scaler"": ""StandardScaler""}",0.4444444444444444,0.4375,0.4375,0.4375
DREAMER_binary_EEG,Random Forest,5,5,300,18,2.9239,0.0161,"{""clf__max_depth"": null, ""clf__n_estimators"": 100}",0.5555555555555556,0.5357142857142857,0.525,0.5
DREAMER_binary_EEG,Logistic Regression,6,6,300,18,0.1199,0.0,"{""clf__C"": 100}",0.5,0.461038961038961,0.45833333333333337,0.4581939799331104
DREAMER_binary_EEG,SVM (RBF),6,6,300,18,0.7709,0.0,"{""clf__C"": 1, ""clf__gamma"": 0.1, ""scaler"": ""StandardScaler""}",0.6111111111111112,0.6111111111111112,0.625,0.6
DREAMER_binary_EEG,Random Forest,6,6,300,18,2.8799,0.0269,"{""clf__max_depth"": 10, ""clf__n_estimators"": 200}",0.5555555555555556,0.625,0.625,0.5555555555555556
DREAMER_binary_EEG,Logistic Regression,7,7,300,18,0.1473,0.0,"{""clf__C"": 100}",0.6666666666666666,0.6666666666666667,0.6753246753246753,0.6625
DREAMER_binary_EEG,SVM (RBF),7,7,300,18,0.7848,0.0,"{""clf__C"": 0.1, ""clf__gamma"": 0.1, ""scaler"": ""StandardScaler""}",0.6666666666666666,0.8235294117647058,0.5714285714285714,0.5178571428571428
DREAMER_binary_EEG,Random Forest,7,7,300,18,3.1203,0.0268,"{""clf__max_depth"": 10, ""clf__n_estimators"": 200}",0.4444444444444444,0.5333333333333333,0.5194805194805194,0.41558441558441556
DREAMER_binary_EEG,Logistic Regression,8,8,300,18,0.0797,0.0,"{""clf__C"": 0.1}",0.2777777777777778,0.25,0.19230769230769232,0.21739130434782608
DREAMER_binary_EEG,SVM (RBF),8,8,300,18,0.81,0.0011,"{""clf__C"": 1, ""clf__gamma"": 0.1, ""scaler"": ""StandardScaler""}",0.5555555555555556,0.5064935064935066,0.5076923076923077,0.5
DREAMER_binary_EEG,Random Forest,8,8,300,18,3.3672,0.0413,"{""clf__max_depth"": null, ""clf__n_estimators"": 300}",0.7222222222222222,0.625,0.5615384615384615,0.5566502463054187
DREAMER_binary_EEG,Logistic Regression,9,9,300,18,0.1412,0.0,"{""clf__C"": 100}",0.3888888888888889,0.2916666666666667,0.2692307692307692,0.28
DREAMER_binary_EEG,SVM (RBF),9,9,300,18,0.9835,0.002,"{""clf__C"": 0.1, ""clf__gamma"": 0.1, ""scaler"": ""StandardScaler""}",0.5555555555555556,0.5555555555555556,0.5692307692307692,0.5324675324675324
DREAMER_binary_EEG,Random Forest,9,9,300,18,3.3616,0.0522,"{""clf__max_depth"": 5, ""clf__n_estimators"": 300}",0.7777777777777778,0.7402597402597402,0.7846153846153847,0.75
DREAMER_binary_EEG,Logistic Regression,10,10,300,18,0.1033,0.0,"{""clf__C"": 0.1}",0.4444444444444444,0.4444444444444444,0.44155844155844154,0.4375
DREAMER_binary_EEG,SVM (RBF),10,10,300,18,0.9061,0.001,"{""clf__C"": 100, ""clf__gamma"": 1, ""scaler"": ""StandardScaler""}",0.4444444444444444,0.7058823529411764,0.5454545454545454,0.375
DREAMER_binary_EEG,Random Forest,10,10,300,18,3.2102,0.0158,"{""clf__max_depth"": 5, ""clf__n_estimators"": 100}",0.5,0.4875,0.487012987012987,0.4857142857142857
DREAMER_binary_EEG,Logistic Regression,11,11,300,18,0.1294,0.0,"{""clf__C"": 100}",0.5555555555555556,0.5555555555555556,0.5584415584415584,0.55
DREAMER_binary_EEG,SVM (RBF),11,11,300,18,0.7771,0.0,"{""clf__C"": 0.1, ""clf__gamma"": 0.1, ""scaler"": ""StandardScaler""}",0.3888888888888889,0.4285714285714286,0.44805194805194803,0.37142857142857144
DREAMER_binary_EEG,Random Forest,11,11,300,18,2.7708,0.0162,"{""clf__max_depth"": 5, ""clf__n_estimators"": 100}",0.2777777777777778,0.2875,0.2792207792207792,0.27554179566563464
DREAMER_binary_EEG,Logistic Regression,12,12,300,18,0.1282,0.0,"{""clf__C"": 100}",0.5,0.43333333333333335,0.4625,0.4109090909090909
DREAMER_binary_EEG,SVM (RBF),12,12,300,18,0.7786,0.0,"{""clf__C"": 0.1, ""clf__gamma"": 0.1, ""scaler"": ""StandardScaler""}",0.5555555555555556,0.5357142857142857,0.525,0.5
DREAMER_binary_EEG,Random Forest,12,12,300,18,3.0682,0.0159,"{""clf__max_depth"": null, ""clf__n_estimators"": 100}",0.4444444444444444,0.4642857142857143,0.475,0.41558441558441556
DREAMER_binary_EEG,Logistic Regression,13,13,300,18,0.0982,0.001,"{""clf__C"": 0.1}",0.3333333333333333,0.2916666666666667,0.3125,0.2987012987012987
DREAMER_binary_EEG,SVM (RBF),13,13,300,18,0.7925,0.0012,"{""clf__C"": 1, ""clf__gamma"": 0.1, ""scaler"": ""StandardScaler""}",0.5555555555555556,0.55,0.55,0.55
DREAMER_binary_EEG,Random Forest,13,13,300,18,3.0867,0.037,"{""clf__max_depth"": null, ""clf__n_estimators"": 300}",0.5555555555555556,0.53125,0.5125,0.4461538461538461
DREAMER_binary_EEG,Logistic Regression,14,14,300,18,0.0844,0.0,"{""clf__C"": 0.1}",0.3888888888888889,0.45384615384615384,0.4583333333333333,0.38699690402476783
DREAMER_binary_EEG,SVM (RBF),14,14,300,18,0.8063,0.0,"{""clf__C"": 100, ""clf__gamma"": 0.1, ""scaler"": ""StandardScaler""}",0.3888888888888889,0.42207792207792205,0.41666666666666663,0.38699690402476783
DREAMER_binary_EEG,Random Forest,14,14,300,18,2.9528,0.0284,"{""clf__max_depth"": 10, ""clf__n_estimators"": 200}",0.6111111111111112,0.6111111111111112,0.625,0.6
DREAMER_binary_EEG,Logistic Regression,15,15,300,18,0.1523,0.0,"{""clf__C"": 100}",0.5,0.5,0.5,0.4857142857142857
DREAMER_binary_EEG,SVM (RBF),15,15,300,18,0.7845,0.0,"{""clf__C"": 0.1, ""clf__gamma"": 0.1, ""scaler"": ""StandardScaler""}",0.5555555555555556,0.5584415584415584,0.5555555555555556,0.55
DREAMER_binary_EEG,Random Forest,15,15,300,18,3.0524,0.0403,"{""clf__max_depth"": 5, ""clf__n_estimators"": 300}",0.5555555555555556,0.5555555555555556,0.5555555555555556,0.5555555555555556
DREAMER_binary_EEG,Logistic Regression,16,16,300,18,0.0953,0.0069,"{""clf__C"": 1}",0.4444444444444444,0.45833333333333337,0.4625,0.4375
DREAMER_binary_EEG,SVM (RBF),16,16,300,18,0.824,0.0,"{""clf__C"": 100, ""clf__gamma"": 0.01, ""scaler"": ""StandardScaler""}",0.3888888888888889,0.3701298701298701,0.375,0.37142857142857144
DREAMER_binary_EEG,Random Forest,16,16,300,18,2.9109,0.017,"{""clf__max_depth"": 10, ""clf__n_estimators"": 100}",0.5,0.487012987012987,0.4875,0.4857142857142857
DREAMER_binary_EEG,Logistic Regression,17,17,300,18,0.0995,0.0009,"{""clf__C"": 10}",0.5,0.5833333333333334,0.5923076923076923,0.4984520123839009
DREAMER_binary_EEG,SVM (RBF),17,17,300,18,0.7912,0.001,"{""clf__C"": 0.1, ""clf__gamma"": 0.1, ""scaler"": ""StandardScaler""}",0.8333333333333334,0.8035714285714286,0.7615384615384615,0.7777777777777777
DREAMER_binary_EEG,Random Forest,17,17,300,18,3.3748,0.0378,"{""clf__max_depth"": 10, ""clf__n_estimators"": 300}",0.3888888888888889,0.65625,0.5769230769230769,0.37142857142857144
DREAMER_binary_EEG,Logistic Regression,18,18,300,18,0.1032,0.0,"{""clf__C"": 0.1}",0.5,0.5,0.5,0.4984520123839009
DREAMER_binary_EEG,SVM (RBF),18,18,300,18,0.8773,0.001,"{""clf__C"": 0.1, ""clf__gamma"": 0.1, ""scaler"": ""StandardScaler""}",0.3888888888888889,0.375,0.3888888888888889,0.37142857142857144
DREAMER_binary_EEG,Random Forest,18,18,300,18,3.147,0.0277,"{""clf__max_depth"": 5, ""clf__n_estimators"": 200}",0.3333333333333333,0.2923076923076923,0.33333333333333337,0.2987012987012987
DREAMER_binary_EEG,Logistic Regression,19,19,300,18,0.1131,0.0,"{""clf__C"": 0.1}",0.5555555555555556,0.5875,0.625,0.5324675324675324
DREAMER_binary_EEG,SVM (RBF),19,19,300,18,0.8527,0.0,"{""clf__C"": 0.1, ""clf__gamma"": 0.1, ""scaler"": ""StandardScaler""}",0.5555555555555556,0.5875,0.625,0.5324675324675324
DREAMER_binary_EEG,Random Forest,19,19,300,18,3.3233,0.0399,"{""clf__max_depth"": 5, ""clf__n_estimators"": 300}",0.7222222222222222,0.6230769230769231,0.6428571428571428,0.6296296296296295
DREAMER_binary_EEG,Logistic Regression,20,20,300,18,0.0834,0.0,"{""clf__C"": 0.01}",0.6111111111111112,0.7307692307692308,0.7083333333333334,0.609907120743034
DREAMER_binary_EEG,SVM (RBF),20,20,300,18,0.7986,0.0012,"{""clf__C"": 0.1, ""clf__gamma"": 0.1, ""scaler"": ""StandardScaler""}",0.5,0.538961038961039,0.5416666666666666,0.4984520123839009
DREAMER_binary_EEG,Random Forest,20,20,300,18,2.9905,0.0169,"{""clf__max_depth"": 10, ""clf__n_estimators"": 100}",0.6111111111111112,0.5461538461538462,0.5416666666666666,0.5418181818181818
DREAMER_binary_EEG,Logistic Regression,21,21,300,18,0.1071,0.0,"{""clf__C"": 0.1}",0.3888888888888889,0.4375,0.474025974025974,0.3377926421404682
DREAMER_binary_EEG,SVM (RBF),21,21,300,18,0.8433,0.002,"{""clf__C"": 0.1, ""clf__gamma"": 0.1, ""scaler"": ""StandardScaler""}",0.5555555555555556,0.5844155844155844,0.5844155844155844,0.5555555555555556
DREAMER_binary_EEG,Random Forest,21,21,300,18,3.0651,0.0264,"{""clf__max_depth"": null, ""clf__n_estimators"": 200}",0.4444444444444444,0.7058823529411764,0.5454545454545454,0.375
DREAMER_binary_EEG,Logistic Regression,22,22,300,18,0.163,0.0055,"{""clf__C"": 100}",0.6111111111111112,0.577922077922078,0.5833333333333333,0.5785953177257526
DREAMER_binary_EEG,SVM (RBF),22,22,300,18,0.8078,0.001,"{""clf__C"": 0.1, ""clf__gamma"": 0.1, ""scaler"": ""StandardScaler""}",0.7222222222222222,0.8529411764705883,0.5833333333333334,0.5566502463054187
DREAMER_binary_EEG,Random Forest,22,22,300,18,2.8201,0.0153,"{""clf__max_depth"": 10, ""clf__n_estimators"": 100}",0.2777777777777778,0.3153846153846154,0.3333333333333333,0.27554179566563464
DREAMER_binary_EEG,Logistic Regression,23,23,300,18,0.0993,0.0,"{""clf__C"": 0.1}",0.5,0.5,0.5,0.4857142857142857
DREAMER_binary_EEG,SVM (RBF),23,23,300,18,0.7798,0.0011,"{""clf__C"": 0.1, ""clf__gamma"": 0.1, ""scaler"": ""StandardScaler""}",0.4444444444444444,0.4625,0.45833333333333337,0.4375
DREAMER_binary_EEG,Random Forest,23,23,300,18,3.0048,0.017,"{""clf__max_depth"": null, ""clf__n_estimators"": 100}",0.7222222222222222,0.7727272727272727,0.7916666666666667,0.7213622291021672
