task,model,accuracy_mean,accuracy_std,precision_mean,recall_mean,f1_mean,f1_std,train_time_mean,test_time_mean
DREAMER_binary_EEG,Logistic Regression,0.5145,0.1591,0.5187,0.5077,0.4855,0.1571,0.7141,0.0013
DREAMER_binary_EEG,Random Forest,0.5193,0.126,0.5118,0.5207,0.4634,0.1193,18.1311,0.1339
DREAMER_binary_EEG,SVM (RBF),0.5217,0.1095,0.5022,0.5005,0.4629,0.0953,7.2025,0.0042
WESAD_3class,Logistic Regression,0.6469,0.1649,0.6231,0.659,0.575,0.1636,0.9209,0.0014
WESAD_3class,Random Forest,0.7361,0.1584,0.666,0.6354,0.613,0.1644,20.6142,0.1615
WESAD_3class,SVM (RBF),0.6414,0.1475,0.5969,0.5972,0.5253,0.1295,18.4142,0.0087
WESAD_binary,Logistic Regression,0.8649,0.1763,0.8907,0.862,0.8371,0.216,0.9224,0.0013
WESAD_binary,Random Forest,0.9181,0.0878,0.9323,0.8986,0.9,0.1153,17.6037,0.1263
WESAD_binary,SVM (RBF),0.8465,0.1974,0.8283,0.8228,0.7966,0.262,8.7252,0.0036
