task,model,fold,test_subject,train_size,test_size,train_time,test_time,accuracy,precision,recall,f1
WESAD_binary_CNN,1D-CNN,1,2,1684,114,659.85,0.2399,0.9385964912280702,0.9239130434782609,0.9533333333333334,0.9343480049362403
WESAD_binary_CNN,1D-CNN,2,3,1683,115,661.89,0.2239,0.8782608695652174,0.8667279411764706,0.8945286750164798,0.8731884057971014
WESAD_binary_CNN,1D-CNN,3,4,1681,117,691.09,0.1622,1.0,1.0,1.0,1.0
WESAD_binary_CNN,1D-CNN,4,5,1678,120,589.8,0.2433,0.9833333333333333,0.9875,0.9761904761904762,0.9814757641247298
WESAD_binary_CNN,1D-CNN,5,6,1679,119,423.92,0.2491,0.865546218487395,0.8997252747252747,0.814935064935065,0.8380952380952381
WESAD_binary_CNN,1D-CNN,6,7,1679,119,423.52,0.2001,1.0,1.0,1.0,1.0
WESAD_binary_CNN,1D-CNN,7,8,1679,119,396.35,0.1793,0.6050420168067226,0.7388888888888889,0.6907894736842105,0.599498746867168
WESAD_binary_CNN,1D-CNN,8,9,1678,120,510.72,0.3529,0.8916666666666667,0.9285714285714286,0.8452380952380952,0.8699891657638137
WESAD_binary_CNN,1D-CNN,9,10,1673,125,492.17,0.2913,0.832,0.8455882352941176,0.8653846153846154,0.8309178743961353
WESAD_binary_CNN,1D-CNN,10,11,1677,121,519.75,0.219,1.0,1.0,1.0,1.0
WESAD_binary_CNN,1D-CNN,11,13,1677,121,515.31,0.1993,1.0,1.0,1.0,1.0
WESAD_binary_CNN,1D-CNN,12,14,1677,121,517.57,0.1931,1.0,1.0,1.0,1.0
WESAD_binary_CNN,1D-CNN,13,15,1676,122,463.07,0.1759,1.0,1.0,1.0,1.0
WESAD_binary_CNN,1D-CNN,14,16,1678,120,487.62,0.1896,1.0,1.0,1.0,1.0
WESAD_binary_CNN,1D-CNN,15,17,1673,125,518.27,0.2016,1.0,1.0,1.0,1.0
WESAD_3class_CNN,1D-CNN,1,2,2014,137,686.19,0.5903,0.656934306569343,0.6274891774891775,0.6844444444444444,0.6050041978539028
WESAD_3class_CNN,1D-CNN,2,3,2013,138,602.49,0.354,0.7463768115942029,0.7293131686500781,0.7787872708339304,0.7261707988980716
WESAD_3class_CNN,1D-CNN,3,4,2010,141,633.43,0.2178,0.49645390070921985,0.6722222222222222,0.6511553273427472,0.5315545808966862
WESAD_3class_CNN,1D-CNN,4,5,2007,144,670.42,0.217,0.9791666666666666,0.9782278481012657,0.9798534798534799,0.9786977708591592
WESAD_3class_CNN,1D-CNN,5,6,2008,143,578.43,0.2703,0.8881118881118881,0.906926406926407,0.8766233766233767,0.875632579980406
WESAD_3class_CNN,1D-CNN,6,7,2008,143,694.16,0.2238,0.9440559440559441,0.9273504273504273,0.9273504273504273,0.9273504273504273
WESAD_3class_CNN,1D-CNN,7,8,2009,142,674.15,0.3841,0.647887323943662,0.7076999503229011,0.7807017543859649,0.642156862745098
WESAD_3class_CNN,1D-CNN,8,9,2008,143,668.56,0.2793,0.6993006993006993,0.4584175084175084,0.5079365079365079,0.48183538752711996
WESAD_3class_CNN,1D-CNN,9,10,2002,149,594.07,0.3465,0.825503355704698,0.5882352941176471,0.6524822695035462,0.614975845410628
WESAD_3class_CNN,1D-CNN,10,11,2007,144,585.01,0.2056,0.9166666666666666,0.8857142857142857,0.948051948051948,0.9028654686741137
WESAD_3class_CNN,1D-CNN,11,13,2006,145,613.93,0.6605,0.896551724137931,0.9152542372881355,0.7916666666666666,0.7999411591644602
WESAD_3class_CNN,1D-CNN,12,14,2006,145,694.86,0.2267,0.8275862068965517,0.7114219114219115,0.6969696969696969,0.6905996905996906
WESAD_3class_CNN,1D-CNN,13,15,2006,145,665.39,0.3611,0.8344827586206897,0.816922613670581,0.7974308300395258,0.7642330798836009
WESAD_3class_CNN,1D-CNN,14,16,2008,143,602.04,0.2308,0.9790209790209791,0.9782608695652174,0.9565217391304347,0.9655082309903319
WESAD_3class_CNN,1D-CNN,15,17,2002,149,579.49,0.2945,0.8791946308724832,0.9375,0.75,0.7655172413793103
