category,model,task,f1_mean,f1_std,accuracy_mean,train_time_s
Classical,Logistic Regression,DREAMER_binary_EEG,0.4336,0.1138,0.4686,0.1084
Classical,Random Forest,DREAMER_binary_EEG,0.4664,0.1411,0.5097,3.0992
Classical,SVM (RBF),DREAMER_binary_EEG,0.4859,0.1097,0.5242,0.821
Classical,Logistic Regression,WESAD_3class,0.5724,0.1748,0.6376,0.09
Classical,Random Forest,WESAD_3class,0.6451,0.1353,0.7044,2.7323
Classical,SVM (RBF),WESAD_3class,0.5206,0.1606,0.5983,0.8535
Classical,Logistic Regression,WESAD_binary,0.821,0.1968,0.8543,0.5166
Classical,Random Forest,WESAD_binary,0.8858,0.1406,0.9023,2.3759
Classical,SVM (RBF),WESAD_binary,0.7882,0.2315,0.822,0.385
Deep Learning,1D-CNN,WESAD_3class_CNN,0.7515,0.1574,0.8145,636.1747
Deep Learning,1D-CNN,WESAD_binary_CNN,0.9285,0.1122,0.933,524.7267
Quantum,QSVM (best: PauliFeatureMap_n6_r2_full_standard),DREAMER_binary_EEG_QSVM,0.4999,0.1299,0.5217,1.9196
Quantum,QSVM (best: PauliFeatureMap_n3_r2_circular_robust),WESAD_3class_QSVM,0.3898,0.1739,0.423,1.606
Quantum,QSVM (best: PauliFeatureMap_n3_r1_linear_robust),WESAD_binary_QSVM,0.6198,0.1954,0.6413,0.6547
Quantum,VQC (best: EfficientSU2_n4_r1_circular),DREAMER_binary_EEG_VQC,0.4543,0.1303,0.5266,55.817
Quantum,VQC (best: RealAmplitudes_n3_r1_circular),WESAD_3class_VQC,0.3079,0.0371,0.4353,25.2973
Quantum,VQC (best: EfficientSU2_n4_r1_linear),WESAD_binary_VQC,0.5357,0.0752,0.5516,93.9853
Hybrid Quantum,Hybrid CNN-QNN,DREAMER_binary_EEG_Hybrid,0.4258,0.1211,0.4662,8.1813
Hybrid Quantum,Hybrid CNN-QNN,WESAD_3class_Hybrid,0.5716,0.185,0.6502,19.3253
Hybrid Quantum,Hybrid CNN-QNN,WESAD_binary_Hybrid,0.8735,0.1737,0.9025,15.7887
