task,model,n_pca_components,fold,test_subject,train_time,best_params,accuracy,precision,recall,f1
WESAD_binary,SVM (RBF) PCA-matched,3,1,2,0.462,"{""clf__C"": 1, ""clf__gamma"": 1, ""scaler"": ""StandardScaler""}",0.6607142857142857,0.5865384615384616,0.5256045519203414,0.4802149487054226
WESAD_binary,SVM (RBF) PCA-matched,3,2,3,0.4024,"{""clf__C"": 1, ""clf__gamma"": ""scale"", ""scaler"": ""StandardScaler""}",0.9298245614035088,0.9166666666666667,0.9459459459459459,0.9259740259740259
WESAD_binary,SVM (RBF) PCA-matched,3,3,4,0.4423,"{""clf__C"": 10, ""clf__gamma"": 1, ""scaler"": ""StandardScaler""}",1.0,1.0,1.0,1.0
WESAD_binary,SVM (RBF) PCA-matched,3,4,5,0.4439,"{""clf__C"": 10, ""clf__gamma"": ""scale"", ""scaler"": ""StandardScaler""}",0.8135593220338984,0.810919540229885,0.8467948717948718,0.8080449571132801
WESAD_binary,SVM (RBF) PCA-matched,3,5,6,0.4563,"{""clf__C"": 10, ""clf__gamma"": 0.1, ""scaler"": ""StandardScaler""}",0.4576271186440678,0.5044871794871795,0.5043859649122807,0.4574712643678161
WESAD_binary,SVM (RBF) PCA-matched,3,6,7,0.4136,"{""clf__C"": 100, ""clf__gamma"": 0.01, ""scaler"": ""StandardScaler""}",0.423728813559322,0.6851851851851851,0.5641025641025641,0.38390663390663393
WESAD_binary,SVM (RBF) PCA-matched,3,7,8,0.4306,"{""clf__C"": 10, ""clf__gamma"": 0.1, ""scaler"": ""StandardScaler""}",0.9322033898305084,0.9361842105263158,0.9154135338345865,0.9243589743589744
WESAD_binary,SVM (RBF) PCA-matched,3,8,9,0.3958,"{""clf__C"": 10, ""clf__gamma"": 1, ""scaler"": ""StandardScaler""}",0.3620689655172414,0.32236024844720496,0.31184210526315786,0.31634278432621854
WESAD_binary,SVM (RBF) PCA-matched,3,9,10,0.4302,"{""clf__C"": 100, ""clf__gamma"": 0.1, ""scaler"": ""StandardScaler""}",0.31666666666666665,0.3209121245828699,0.3074162679425837,0.30723739791607996
WESAD_binary,SVM (RBF) PCA-matched,3,10,11,0.4561,"{""clf__C"": 10, ""clf__gamma"": 1, ""scaler"": ""StandardScaler""}",0.7796610169491526,0.8088235294117647,0.8289473684210527,0.7786435786435786
WESAD_binary,SVM (RBF) PCA-matched,3,11,13,0.5435,"{""clf__C"": 1, ""clf__gamma"": 1, ""scaler"": ""StandardScaler""}",0.6271186440677966,0.7441860465116279,0.7105263157894737,0.6244212962962963
WESAD_binary,SVM (RBF) PCA-matched,3,12,14,0.4236,"{""clf__C"": 100, ""clf__gamma"": 0.1, ""scaler"": ""StandardScaler""}",0.8305084745762712,0.8424242424242425,0.7832080200501252,0.8001355013550135
WESAD_binary,SVM (RBF) PCA-matched,3,13,15,0.4517,"{""clf__C"": 1, ""clf__gamma"": 1, ""scaler"": ""StandardScaler""}",0.55,0.5012836970474968,0.5011961722488039,0.4998456313677061
WESAD_binary,SVM (RBF) PCA-matched,3,14,16,0.4587,"{""clf__C"": 10, ""clf__gamma"": 0.01, ""scaler"": ""StandardScaler""}",1.0,1.0,1.0,1.0
WESAD_binary,SVM (RBF) PCA-matched,3,15,17,0.4653,"{""clf__C"": 100, ""clf__gamma"": ""scale"", ""scaler"": ""StandardScaler""}",1.0,1.0,1.0,1.0
WESAD_binary,SVM (RBF) PCA-matched,4,1,2,0.4376,"{""clf__C"": 10, ""clf__gamma"": 0.1, ""scaler"": ""StandardScaler""}",0.7142857142857143,0.8490566037735849,0.5789473684210527,0.5474747474747474
WESAD_binary,SVM (RBF) PCA-matched,4,2,3,0.3959,"{""clf__C"": 10, ""clf__gamma"": 0.1, ""scaler"": ""StandardScaler""}",0.8596491228070176,0.9111111111111111,0.8,0.8262195121951219
WESAD_binary,SVM (RBF) PCA-matched,4,3,4,0.4038,"{""clf__C"": 100, ""clf__gamma"": ""auto"", ""scaler"": ""StandardScaler""}",0.8245614035087719,0.8936170212765957,0.75,0.7738095238095237
WESAD_binary,SVM (RBF) PCA-matched,4,4,5,0.3853,"{""clf__C"": 10, ""clf__gamma"": 0.1, ""scaler"": ""StandardScaler""}",0.9152542372881356,0.9,0.9358974358974359,0.9101978691019786
WESAD_binary,SVM (RBF) PCA-matched,4,5,6,0.4143,"{""clf__C"": 1, ""clf__gamma"": ""auto"", ""scaler"": ""StandardScaler""}",0.423728813559322,0.3864734299516908,0.3822055137844611,0.38390663390663393
WESAD_binary,SVM (RBF) PCA-matched,4,6,7,0.4174,"{""clf__C"": 10, ""clf__gamma"": 1, ""scaler"": ""StandardScaler""}",0.3559322033898305,0.6724137931034483,0.5128205128205128,0.2814102564102564
WESAD_binary,SVM (RBF) PCA-matched,4,7,8,0.4306,"{""clf__C"": 1, ""clf__gamma"": ""auto"", ""scaler"": ""StandardScaler""}",0.8813559322033898,0.9222222222222223,0.8333333333333333,0.8578313253012049
WESAD_binary,SVM (RBF) PCA-matched,4,8,9,0.4288,"{""clf__C"": 1, ""clf__gamma"": 1, ""scaler"": ""StandardScaler""}",0.5862068965517241,0.4006410256410256,0.4592105263157895,0.40512820512820513
WESAD_binary,SVM (RBF) PCA-matched,4,9,10,0.3909,"{""clf__C"": 100, ""clf__gamma"": 0.1, ""scaler"": ""StandardScaler""}",0.9166666666666666,0.9418604651162791,0.8863636363636364,0.9050332383665717
WESAD_binary,SVM (RBF) PCA-matched,4,10,11,0.4048,"{""clf__C"": 10, ""clf__gamma"": ""scale"", ""scaler"": ""StandardScaler""}",0.5423728813559322,0.71875,0.6447368421052632,0.5288376220053239
WESAD_binary,SVM (RBF) PCA-matched,4,11,13,0.3867,"{""clf__C"": 10, ""clf__gamma"": ""auto"", ""scaler"": ""StandardScaler""}",0.711864406779661,0.7763157894736843,0.7763157894736843,0.711864406779661
WESAD_binary,SVM (RBF) PCA-matched,4,12,14,0.4005,"{""clf__C"": 10, ""clf__gamma"": ""auto"", ""scaler"": ""StandardScaler""}",0.8813559322033898,0.8989825581395349,0.8439849624060151,0.8621955288621955
WESAD_binary,SVM (RBF) PCA-matched,4,13,15,0.376,"{""clf__C"": 10, ""clf__gamma"": 1, ""scaler"": ""StandardScaler""}",0.5833333333333334,0.5314637482900137,0.527511961722488,0.5251661918328585
WESAD_binary,SVM (RBF) PCA-matched,4,14,16,0.4178,"{""clf__C"": 10, ""clf__gamma"": 0.1, ""scaler"": ""StandardScaler""}",1.0,1.0,1.0,1.0
WESAD_binary,SVM (RBF) PCA-matched,4,15,17,0.4049,"{""clf__C"": 10, ""clf__gamma"": ""auto"", ""scaler"": ""StandardScaler""}",1.0,1.0,1.0,1.0
WESAD_3class,SVM (RBF) PCA-matched,3,1,2,0.86,"{""clf__C"": 10, ""clf__gamma"": ""auto"", ""scaler"": ""StandardScaler""}",0.34328358208955223,0.38501291989664077,0.22427690848743478,0.2356060606060606
WESAD_3class,SVM (RBF) PCA-matched,3,2,3,0.9204,"{""clf__C"": 10, ""clf__gamma"": 0.1, ""scaler"": ""StandardScaler""}",0.75,0.6823361823361823,0.6764946764946765,0.6632098938443751
WESAD_3class,SVM (RBF) PCA-matched,3,3,4,0.8811,"{""clf__C"": 100, ""clf__gamma"": 0.1, ""scaler"": ""StandardScaler""}",0.8823529411764706,0.8803030303030303,0.7712121212121211,0.7959797404241847
WESAD_3class,SVM (RBF) PCA-matched,3,4,5,0.9118,"{""clf__C"": 10, ""clf__gamma"": 1, ""scaler"": ""StandardScaler""}",0.34285714285714286,0.38978675645342314,0.38667443667443663,0.30315315315315317
WESAD_3class,SVM (RBF) PCA-matched,3,5,6,0.9855,"{""clf__C"": 10, ""clf__gamma"": 1, ""scaler"": ""StandardScaler""}",0.38571428571428573,0.5008658008658009,0.3440419229892914,0.36065171516906314
WESAD_3class,SVM (RBF) PCA-matched,3,6,7,0.9536,"{""clf__C"": 10, ""clf__gamma"": ""auto"", ""scaler"": ""StandardScaler""}",0.5571428571428572,0.6538296961916987,0.6915306915306916,0.5546336567413851
WESAD_3class,SVM (RBF) PCA-matched,3,7,8,0.9321,"{""clf__C"": 10, ""clf__gamma"": 1, ""scaler"": ""StandardScaler""}",0.5428571428571428,0.5837173579109062,0.6338573706994759,0.5446493243103413
WESAD_3class,SVM (RBF) PCA-matched,3,8,9,0.7937,"{""clf__C"": 10, ""clf__gamma"": 1, ""scaler"": ""StandardScaler""}",0.45714285714285713,0.45138316009459384,0.5324561403508772,0.47483779260380127
WESAD_3class,SVM (RBF) PCA-matched,3,9,10,0.8803,"{""clf__C"": 1, ""clf__gamma"": 1, ""scaler"": ""StandardScaler""}",0.056338028169014086,0.04778972520908004,0.07575757575757576,0.056689342403628114
WESAD_3class,SVM (RBF) PCA-matched,3,10,11,0.8866,"{""clf__C"": 10, ""clf__gamma"": ""auto"", ""scaler"": ""StandardScaler""}",0.45714285714285713,0.5097001763668431,0.5734411787043365,0.43079922027290446
WESAD_3class,SVM (RBF) PCA-matched,3,11,13,0.8373,"{""clf__C"": 10, ""clf__gamma"": ""auto"", ""scaler"": ""StandardScaler""}",0.35714285714285715,0.33959899749373434,0.34001670843776105,0.2946544980443286
WESAD_3class,SVM (RBF) PCA-matched,3,12,14,0.7717,"{""clf__C"": 1, ""clf__gamma"": 1, ""scaler"": ""StandardScaler""}",0.5,0.6070858965595808,0.6286169970380496,0.5170068027210885
WESAD_3class,SVM (RBF) PCA-matched,3,13,15,0.796,"{""clf__C"": 1, ""clf__gamma"": 1, ""scaler"": ""StandardScaler""}",0.5915492957746479,0.4639873916469661,0.4473684210526316,0.44647588765235824
WESAD_3class,SVM (RBF) PCA-matched,3,14,16,0.9316,"{""clf__C"": 10, ""clf__gamma"": ""auto"", ""scaler"": ""StandardScaler""}",0.5138888888888888,0.611111111111111,0.5920745920745921,0.5215940215123978
WESAD_3class,SVM (RBF) PCA-matched,3,15,17,0.8635,"{""clf__C"": 100, ""clf__gamma"": 0.1, ""scaler"": ""StandardScaler""}",0.75,0.6758021390374331,0.6886831703765343,0.6759259259259259
WESAD_3class,SVM (RBF) PCA-matched,4,1,2,0.8163,"{""clf__C"": 10, ""clf__gamma"": ""auto"", ""scaler"": ""StandardScaler""}",0.5522388059701493,0.517948717948718,0.34186818397344715,0.26862745098039215
WESAD_3class,SVM (RBF) PCA-matched,4,2,3,0.7598,"{""clf__C"": 10, ""clf__gamma"": ""auto"", ""scaler"": ""StandardScaler""}",0.7647058823529411,0.6761163337250293,0.6855036855036856,0.676601938535843
WESAD_3class,SVM (RBF) PCA-matched,4,3,4,0.7755,"{""clf__C"": 1, ""clf__gamma"": ""auto"", ""scaler"": ""StandardScaler""}",0.8382352941176471,0.9236111111111112,0.7212121212121212,0.7642701525054466
WESAD_3class,SVM (RBF) PCA-matched,4,4,5,0.8137,"{""clf__C"": 10, ""clf__gamma"": 1, ""scaler"": ""StandardScaler""}",0.38571428571428573,0.3145833333333333,0.30936285936285934,0.3073720098367986
WESAD_3class,SVM (RBF) PCA-matched,4,5,6,0.834,"{""clf__C"": 10, ""clf__gamma"": ""auto"", ""scaler"": ""StandardScaler""}",0.4,0.34507575757575754,0.4464950254423939,0.33343323343323344
WESAD_3class,SVM (RBF) PCA-matched,4,6,7,0.8204,"{""clf__C"": 10, ""clf__gamma"": 1, ""scaler"": ""StandardScaler""}",0.3,0.45911949685534587,0.34188034188034183,0.1993150684931507
WESAD_3class,SVM (RBF) PCA-matched,4,7,8,0.8163,"{""clf__C"": 10, ""clf__gamma"": ""auto"", ""scaler"": ""StandardScaler""}",0.5428571428571428,0.6526881720430108,0.5694919115971747,0.5328664799253034
WESAD_3class,SVM (RBF) PCA-matched,4,8,9,0.7583,"{""clf__C"": 10, ""clf__gamma"": ""auto"", ""scaler"": ""StandardScaler""}",0.2,0.18243114909781574,0.16549707602339178,0.1692307692307692
WESAD_3class,SVM (RBF) PCA-matched,4,9,10,0.8299,"{""clf__C"": 1, ""clf__gamma"": 1, ""scaler"": ""StandardScaler""}",0.1267605633802817,0.14284739284739284,0.14513556618819778,0.13328282828282828
WESAD_3class,SVM (RBF) PCA-matched,4,10,11,0.8488,"{""clf__C"": 10, ""clf__gamma"": 1, ""scaler"": ""StandardScaler""}",0.4714285714285714,0.5476190476190476,0.5893141945773525,0.46074074074074073
WESAD_3class,SVM (RBF) PCA-matched,4,11,13,0.7815,"{""clf__C"": 10, ""clf__gamma"": ""auto"", ""scaler"": ""StandardScaler""}",0.6,0.6233333333333333,0.6183261183261183,0.5758787273030151
WESAD_3class,SVM (RBF) PCA-matched,4,12,14,0.7845,"{""clf__C"": 10, ""clf__gamma"": 1, ""scaler"": ""StandardScaler""}",0.5,0.5593434343434344,0.47767145135566186,0.4482415188297541
WESAD_3class,SVM (RBF) PCA-matched,4,13,15,0.7789,"{""clf__C"": 1, ""clf__gamma"": 1, ""scaler"": ""StandardScaler""}",0.5070422535211268,0.41526610644257705,0.4186602870813397,0.41452062430323305
WESAD_3class,SVM (RBF) PCA-matched,4,14,16,0.8572,"{""clf__C"": 10, ""clf__gamma"": ""auto"", ""scaler"": ""StandardScaler""}",0.4722222222222222,0.6131007751937984,0.6317016317016316,0.4696794766067403
WESAD_3class,SVM (RBF) PCA-matched,4,15,17,0.8356,"{""clf__C"": 100, ""clf__gamma"": 0.1, ""scaler"": ""StandardScaler""}",0.7638888888888888,0.6547619047619048,0.6614659177588239,0.6569717424392827
DREAMER_binary_EEG,SVM (RBF) PCA-matched,4,1,1,0.7141,"{""clf__C"": 10, ""clf__gamma"": ""auto"", ""scaler"": ""RobustScaler""}",0.5,0.475,0.46923076923076923,0.4581939799331104
DREAMER_binary_EEG,SVM (RBF) PCA-matched,4,2,2,0.7124,"{""clf__C"": 100, ""clf__gamma"": 1, ""scaler"": ""StandardScaler""}",0.16666666666666666,0.1625,0.16666666666666666,0.16408668730650156
DREAMER_binary_EEG,SVM (RBF) PCA-matched,4,3,3,0.6922,"{""clf__C"": 10, ""clf__gamma"": ""auto"", ""scaler"": ""RobustScaler""}",0.6111111111111112,0.5833333333333333,0.577922077922078,0.5785953177257526
DREAMER_binary_EEG,SVM (RBF) PCA-matched,4,4,4,0.7093,"{""clf__C"": 10, ""clf__gamma"": 0.01, ""scaler"": ""RobustScaler""}",0.6666666666666666,0.5333333333333333,0.5230769230769231,0.5178571428571428
DREAMER_binary_EEG,SVM (RBF) PCA-matched,4,5,5,0.685,"{""clf__C"": 10, ""clf__gamma"": 0.01, ""scaler"": ""RobustScaler""}",0.5555555555555556,0.55,0.55,0.55
DREAMER_binary_EEG,SVM (RBF) PCA-matched,4,6,6,0.7064,"{""clf__C"": 100, ""clf__gamma"": ""auto"", ""scaler"": ""RobustScaler""}",0.5555555555555556,0.5375,0.5416666666666667,0.5324675324675324
DREAMER_binary_EEG,SVM (RBF) PCA-matched,4,7,7,0.6645,"{""clf__C"": 1, ""clf__gamma"": 0.1, ""scaler"": ""RobustScaler""}",0.05555555555555555,0.041666666666666664,0.07142857142857142,0.05263157894736842
DREAMER_binary_EEG,SVM (RBF) PCA-matched,4,8,8,0.6728,"{""clf__C"": 100, ""clf__gamma"": 0.1, ""scaler"": ""StandardScaler""}",0.6666666666666666,0.5333333333333333,0.5230769230769231,0.5178571428571428
DREAMER_binary_EEG,SVM (RBF) PCA-matched,4,9,9,0.7094,"{""clf__C"": 10, ""clf__gamma"": 0.01, ""scaler"": ""RobustScaler""}",0.5,0.525,0.5307692307692308,0.4857142857142857
DREAMER_binary_EEG,SVM (RBF) PCA-matched,4,10,10,0.6686,"{""clf__C"": 10, ""clf__gamma"": 0.01, ""scaler"": ""RobustScaler""}",0.6111111111111112,0.6,0.6038961038961039,0.6
DREAMER_binary_EEG,SVM (RBF) PCA-matched,4,11,11,0.6953,"{""clf__C"": 100, ""clf__gamma"": ""auto"", ""scaler"": ""RobustScaler""}",0.3888888888888889,0.41666666666666663,0.42207792207792205,0.38699690402476783
DREAMER_binary_EEG,SVM (RBF) PCA-matched,4,12,12,0.6955,"{""clf__C"": 100, ""clf__gamma"": 0.01, ""scaler"": ""RobustScaler""}",0.5555555555555556,0.75,0.6,0.5
DREAMER_binary_EEG,SVM (RBF) PCA-matched,4,13,13,0.6907,"{""clf__C"": 100, ""clf__gamma"": 0.1, ""scaler"": ""RobustScaler""}",0.5555555555555556,0.5416666666666667,0.5375,0.5324675324675324
DREAMER_binary_EEG,SVM (RBF) PCA-matched,4,14,14,0.6713,"{""clf__C"": 10, ""clf__gamma"": 0.01, ""scaler"": ""RobustScaler""}",0.3888888888888889,0.45384615384615384,0.4583333333333333,0.38699690402476783
DREAMER_binary_EEG,SVM (RBF) PCA-matched,4,15,15,0.6855,"{""clf__C"": 1, ""clf__gamma"": 0.01, ""scaler"": ""RobustScaler""}",0.6666666666666666,0.7076923076923077,0.6666666666666666,0.6493506493506493
DREAMER_binary_EEG,SVM (RBF) PCA-matched,4,16,16,0.705,"{""clf__C"": 100, ""clf__gamma"": ""auto"", ""scaler"": ""StandardScaler""}",0.5555555555555556,0.5357142857142857,0.525,0.5
DREAMER_binary_EEG,SVM (RBF) PCA-matched,4,17,17,0.7045,"{""clf__C"": 100, ""clf__gamma"": 0.01, ""scaler"": ""RobustScaler""}",0.6666666666666666,0.6666666666666666,0.7076923076923077,0.6493506493506493
DREAMER_binary_EEG,SVM (RBF) PCA-matched,4,18,18,0.6804,"{""clf__C"": 100, ""clf__gamma"": 0.1, ""scaler"": ""StandardScaler""}",0.4444444444444444,0.23529411764705882,0.4444444444444444,0.3076923076923077
DREAMER_binary_EEG,SVM (RBF) PCA-matched,4,19,19,0.6806,"{""clf__C"": 1, ""clf__gamma"": 1, ""scaler"": ""RobustScaler""}",0.3888888888888889,0.5153846153846154,0.5178571428571428,0.38699690402476783
DREAMER_binary_EEG,SVM (RBF) PCA-matched,4,20,20,0.7191,"{""clf__C"": 1, ""clf__gamma"": 0.01, ""scaler"": ""RobustScaler""}",0.5555555555555556,0.44642857142857145,0.4583333333333333,0.4461538461538461
DREAMER_binary_EEG,SVM (RBF) PCA-matched,4,21,21,0.6677,"{""clf__C"": 100, ""clf__gamma"": 0.1, ""scaler"": ""StandardScaler""}",0.4444444444444444,0.4675324675324675,0.4675324675324675,0.4444444444444444
DREAMER_binary_EEG,SVM (RBF) PCA-matched,4,22,22,0.7291,"{""clf__C"": 100, ""clf__gamma"": 1, ""scaler"": ""RobustScaler""}",0.5,0.5,0.5,0.4857142857142857
DREAMER_binary_EEG,SVM (RBF) PCA-matched,4,23,23,0.7185,"{""clf__C"": 10, ""clf__gamma"": 1, ""scaler"": ""StandardScaler""}",0.5,0.538961038961039,0.5416666666666666,0.4984520123839009
DREAMER_binary_EEG,SVM (RBF) PCA-matched,6,1,1,0.739,"{""clf__C"": 100, ""clf__gamma"": 0.1, ""scaler"": ""RobustScaler""}",0.4444444444444444,0.4444444444444444,0.4307692307692308,0.41558441558441556
DREAMER_binary_EEG,SVM (RBF) PCA-matched,6,2,2,0.879,"{""clf__C"": 10, ""clf__gamma"": 0.01, ""scaler"": ""RobustScaler""}",0.6111111111111112,0.625,0.6111111111111112,0.6
DREAMER_binary_EEG,SVM (RBF) PCA-matched,6,3,3,0.7478,"{""clf__C"": 100, ""clf__gamma"": 0.01, ""scaler"": ""RobustScaler""}",0.6666666666666666,0.6666666666666666,0.5974025974025974,0.5846153846153846
DREAMER_binary_EEG,SVM (RBF) PCA-matched,6,4,4,0.7148,"{""clf__C"": 10, ""clf__gamma"": 0.01, ""scaler"": ""RobustScaler""}",0.7222222222222222,0.625,0.5615384615384615,0.5566502463054187
DREAMER_binary_EEG,SVM (RBF) PCA-matched,6,5,5,0.7182,"{""clf__C"": 10, ""clf__gamma"": 0.01, ""scaler"": ""RobustScaler""}",0.5,0.5,0.5,0.4984520123839009
DREAMER_binary_EEG,SVM (RBF) PCA-matched,6,6,6,0.7346,"{""clf__C"": 100, ""clf__gamma"": 0.1, ""scaler"": ""RobustScaler""}",0.5555555555555556,0.5,0.5,0.5
DREAMER_binary_EEG,SVM (RBF) PCA-matched,6,7,7,0.719,"{""clf__C"": 100, ""clf__gamma"": 0.01, ""scaler"": ""RobustScaler""}",0.16666666666666666,0.16666666666666666,0.18831168831168832,0.16408668730650156
DREAMER_binary_EEG,SVM (RBF) PCA-matched,6,8,8,0.6953,"{""clf__C"": 10, ""clf__gamma"": ""auto"", ""scaler"": ""StandardScaler""}",0.6111111111111112,0.48214285714285715,0.48461538461538467,0.48148148148148145
DREAMER_binary_EEG,SVM (RBF) PCA-matched,6,9,9,0.7162,"{""clf__C"": 10, ""clf__gamma"": 0.01, ""scaler"": ""RobustScaler""}",0.5,0.525,0.5307692307692308,0.4857142857142857
DREAMER_binary_EEG,SVM (RBF) PCA-matched,6,10,10,0.7091,"{""clf__C"": 100, ""clf__gamma"": 0.01, ""scaler"": ""RobustScaler""}",0.6111111111111112,0.5714285714285714,0.551948051948052,0.5418181818181818
DREAMER_binary_EEG,SVM (RBF) PCA-matched,6,11,11,0.7086,"{""clf__C"": 10, ""clf__gamma"": 0.01, ""scaler"": ""RobustScaler""}",0.3888888888888889,0.4375,0.474025974025974,0.3377926421404682
DREAMER_binary_EEG,SVM (RBF) PCA-matched,6,12,12,0.6922,"{""clf__C"": 0.1, ""clf__gamma"": 0.01, ""scaler"": ""RobustScaler""}",0.5,0.5666666666666667,0.5375,0.4581939799331104
DREAMER_binary_EEG,SVM (RBF) PCA-matched,6,13,13,0.7501,"{""clf__C"": 1, ""clf__gamma"": 0.1, ""scaler"": ""RobustScaler""}",0.4444444444444444,0.45,0.45,0.4444444444444444
DREAMER_binary_EEG,SVM (RBF) PCA-matched,6,14,14,0.7326,"{""clf__C"": 100, ""clf__gamma"": 0.1, ""scaler"": ""RobustScaler""}",0.6111111111111112,0.6558441558441558,0.6666666666666667,0.609907120743034
DREAMER_binary_EEG,SVM (RBF) PCA-matched,6,15,15,0.6932,"{""clf__C"": 1, ""clf__gamma"": 0.01, ""scaler"": ""RobustScaler""}",0.6111111111111112,0.625,0.6111111111111112,0.6
DREAMER_binary_EEG,SVM (RBF) PCA-matched,6,16,16,0.7052,"{""clf__C"": 10, ""clf__gamma"": 0.1, ""scaler"": ""RobustScaler""}",0.3333333333333333,0.2916666666666667,0.3125,0.2987012987012987
DREAMER_binary_EEG,SVM (RBF) PCA-matched,6,17,17,0.6943,"{""clf__C"": 1, ""clf__gamma"": 0.1, ""scaler"": ""RobustScaler""}",0.8333333333333334,0.7916666666666666,0.823076923076923,0.8036363636363637
DREAMER_binary_EEG,SVM (RBF) PCA-matched,6,18,18,0.711,"{""clf__C"": 10, ""clf__gamma"": 1, ""scaler"": ""StandardScaler""}",0.5,0.5,0.5,0.4984520123839009
DREAMER_binary_EEG,SVM (RBF) PCA-matched,6,19,19,0.717,"{""clf__C"": 100, ""clf__gamma"": ""auto"", ""scaler"": ""RobustScaler""}",0.7777777777777778,0.7083333333333333,0.7678571428571428,0.7230769230769231
DREAMER_binary_EEG,SVM (RBF) PCA-matched,6,20,20,0.6855,"{""clf__C"": 1, ""clf__gamma"": 0.01, ""scaler"": ""RobustScaler""}",0.6111111111111112,0.3235294117647059,0.4583333333333333,0.3793103448275862
DREAMER_binary_EEG,SVM (RBF) PCA-matched,6,21,21,0.6917,"{""clf__C"": 10, ""clf__gamma"": 0.01, ""scaler"": ""RobustScaler""}",0.5555555555555556,0.7333333333333334,0.6363636363636364,0.5324675324675324
DREAMER_binary_EEG,SVM (RBF) PCA-matched,6,22,22,0.722,"{""clf__C"": 100, ""clf__gamma"": ""auto"", ""scaler"": ""RobustScaler""}",0.3888888888888889,0.45384615384615384,0.4583333333333333,0.38699690402476783
DREAMER_binary_EEG,SVM (RBF) PCA-matched,6,23,23,0.7332,"{""clf__C"": 100, ""clf__gamma"": 0.1, ""scaler"": ""RobustScaler""}",0.5555555555555556,0.44642857142857145,0.4583333333333333,0.4461538461538461
